<?xml version="1.0" encoding="UTF-8"?>
<jcr:root xmlns:cq="http://www.day.com/jcr/cq/1.0" xmlns:jcr="http://www.jcp.org/jcr/1.0" xmlns:nt="http://www.jcp.org/jcr/nt/1.0"
    jcr:primaryType="cq:Dialog"
    title="HTML Dialog"
    xtype="dialog">
    <items
        jcr:primaryType="cq:Widget"
        xtype="tabpanel">
        <items jcr:primaryType="cq:WidgetCollection">
            <tab1
                jcr:primaryType="cq:Panel"
                title="Title">
                <items jcr:primaryType="cq:WidgetCollection">
                    <title
                        jcr:primaryType="nt:unstructured"
                        fieldLabel="Title"
                        name="./title"
                        validateOnBlur="true"
                        xtype="textfield"/>
                    <listFrom
                        jcr:primaryType="cq:Widget"
                        defaultValue="h2"
                        fieldLabel="Title Size"
                        name="./titleSize"
                        type="select"
                        xtype="selection">
                        <listeners jcr:primaryType="nt:unstructured"/>
                        <options jcr:primaryType="cq:WidgetCollection">
                            <h1
                                jcr:primaryType="nt:unstructured"
                                text="H1"
                                value="h1"/>
                            <h2
                                jcr:primaryType="nt:unstructured"
                                text="H2"
                                value="h2"/>
                            <h3
                                jcr:primaryType="nt:unstructured"
                                text="H3"
                                value="h3"/>
                            <h4
                                jcr:primaryType="nt:unstructured"
                                text="H4"
                                value="h4"/>
                            <h5
                                jcr:primaryType="nt:unstructured"
                                text="H5"
                                value="h5"/>
                            <h6
                                jcr:primaryType="nt:unstructured"
                                text="H6"
                                value="h6"/>
                        </options>
                    </listFrom>
                    <cssclass
                        jcr:primaryType="nt:unstructured"
                        allowBlank="true"
                        fieldDescription="Additional CSS classes to apply to element"
                        fieldLabel="CSS Class"
                        name="./cssClass"
                        validateOnBlur="true"
                        xtype="textfield"/>
                    <cssstyle
                        jcr:primaryType="nt:unstructured"
                        allowBlank="true"
                        fieldDescription="Additional CSS style string to apply to element"
                        fieldLabel="CSS Style"
                        name="./cssStyle"
                        validateOnBlur="true"
                        xtype="textfield"/>
                </items>
            </tab1>
        </items>
    </items>
</jcr:root>
