<?xml version="1.0" encoding="UTF-8"?>
<!--
  ~ Copyright 2012 Mike Nimer & Universal Mind
  ~    Licensed under the Apache License, Version 2.0 (the "License");
  ~    you may not use this file except in compliance with the License.
  ~    You may obtain a copy of the License at
  ~
  ~        http://www.apache.org/licenses/LICENSE-2.0
  ~
  ~    Unless required by applicable law or agreed to in writing, software
  ~    distributed under the License is distributed on an "AS IS" BASIS,
  ~    WITHOUT WARRANTIES OR CONDITIONS OF ANY KIND, either express or implied.
  ~    See the License for the specific language governing permissions and
  ~    limitations under the License.
  -->

<workspaceFilter version="1.0">
    <filter root="/apps/apps/universalmind/core">
        <exclude pattern="/apps/apps/universalmind/core/install.*"/>
        <exclude pattern="/apps/apps/universalmind/core/runmodes.*"/>
    </filter>
    <filter root="/apps/etc/clientlibs/universalmind/core"/>
    <filter root="/apps/etc/designs/universalmind/core">
        <exclude pattern="/apps/etc/designs/universalmind/core/jcr:content.*"/>
    </filter>
</workspaceFilter>
