<?xml version="1.0" encoding="UTF-8"?>
<!--
  ~ Copyright 2012 Mike Nimer & Universal Mind
  ~    Licensed under the Apache License, Version 2.0 (the "License");
  ~    you may not use this file except in compliance with the License.
  ~    You may obtain a copy of the License at
  ~
  ~        http://www.apache.org/licenses/LICENSE-2.0
  ~
  ~    Unless required by applicable law or agreed to in writing, software
  ~    distributed under the License is distributed on an "AS IS" BASIS,
  ~    WITHOUT WARRANTIES OR CONDITIONS OF ANY KIND, either express or implied.
  ~    See the License for the specific language governing permissions and
  ~    limitations under the License.
  -->

<jcr:root xmlns:sling="http://sling.apache.org/jcr/sling/1.0" xmlns:jcr="http://www.jcp.org/jcr/1.0" xmlns:rep="internal"
    jcr:mixinTypes="[rep:AccessControllable,rep:RepoAccessControllable]"
    jcr:primaryType="rep:root"
    sling:resourceType="sling:redirect"
    sling:target="/index.html">
    <bin/>
    <rep:repoPolicy/>
    <rep:policy/>
    <jcr:system/>
    <var/>
    <libs/>
    <etc/>
    <apps/>
    <home/>
    <tmp/>
    <content/>
</jcr:root>
